"Reference","Qty","Value","DNP","Exclude from BOM","Exclude from Board","Footprint","Datasheet"
"C1,C2","2","47uF","","","","Capacitor_SMD:CP_Elec_6.3x4.9","~"
"C3","1","10uF","","","","Capacitor_SMD:C_0603_1608Metric","~"
"C4,C5","2","100nF","","","","Capacitor_SMD:C_0603_1608Metric","~"
"J1,J2","2","Conn_01x02_Pin","","","","Connector_PinHeader_2.54mm:PinHeader_1x02_P2.54mm_Vertical","~"
"L1","1","4.7uH","","","","Inductor_SMD:L_6.3x6.3_H3","~"
"R1,R4","2","100k","","","","Resistor_SMD:R_0603_1608Metric","~"
"R2","1","11.8k","","","","Resistor_SMD:R_0603_1608Metric","~"
"R3","1","30.9k","","","","Resistor_SMD:R_0603_1608Metric","~"
"U1","1","LMR51450FNDRRR","","","","LMR51450:CONV_LMR51450FNDRRR",""
